Date,Stock
2020-05-24,BVH.csv
2020-05-24,TIG.csv
2020-05-24,ART.csv
2020-05-24,FLC.csv
2020-05-24,PDR.csv
2020-05-24,HAI.csv
2020-05-24,FCN.csv
2020-05-24,CII.csv
2020-05-24,DCM.csv
2020-05-24,DXG.csv
2020-05-24,JVC.csv
2020-05-24,GEX.csv
2020-05-24,PHR.csv
2020-05-24,VIC.csv
2020-05-24,HCD.csv
2020-05-24,CEO.csv
2020-05-24,SCR.csv
2020-05-24,DLG.csv
2020-05-24,VGI.csv
2020-05-24,QCG.csv
2020-05-24,TPB.csv
2020-05-24,VIB.csv
2020-05-24,NVB.csv
2020-05-24,REE.csv
2020-05-24,LMH.csv
2020-05-24,HBC.csv
2020-05-24,MSN.csv
2020-05-24,VPB.csv
2020-05-24,SBT.csv
2020-05-24,POW.csv
2020-05-24,DPM.csv
2020-05-24,AAA.csv
2020-05-24,PVT.csv
2020-05-24,PLX.csv
2020-05-24,MBB.csv
2020-05-24,SHS.csv
2020-05-24,HHS.csv
2020-05-24,GAS.csv
2020-05-24,BSR.csv
2020-05-24,PVD.csv
2020-05-24,PVS.csv
2020-05-24,LDG.csv
2020-05-24,ROS.csv
2020-05-24,LPB.csv
2020-05-24,DRC.csv
2020-05-24,VND.csv
2020-05-24,HDC.csv
2020-05-24,MBG.csv
2020-05-24,HQC.csv
2020-05-24,HPG.csv
2020-05-24,TNG.csv
2020-05-24,MWG.csv
2020-05-24,VCB.csv
2020-05-24,HDB.csv
2020-05-24,AMD.csv
2020-05-24,CTD.csv
2020-05-24,SSI.csv
2020-05-24,TCB.csv
2020-05-24,DGW.csv
2020-05-24,FRT.csv
2020-05-24,SHB.csv
2020-05-24,CTG.csv
2020-05-24,KBC.csv
2020-05-24,GTN.csv
2020-05-24,ITA.csv
2020-05-24,TNI.csv
2020-05-24,SJF.csv
2020-05-24,DIG.csv
2020-05-24,TTF.csv
2020-05-24,GVR.csv
2020-05-24,KLF.csv
2020-05-24,ACB.csv
2020-05-24,TCM.csv
2020-05-24,HSG.csv
2020-05-24,NKG.csv
2020-05-24,VNM.csv
2020-05-24,TCH.csv
2020-05-24,FIT.csv
2020-05-24,PNJ.csv
2020-05-24,TTB.csv
2020-05-24,FPT.csv
2020-05-24,DRH.csv
2020-05-24,BID.csv
2020-05-24,PVX.csv
2020-05-24,NVL.csv
2020-05-24,STB.csv
2020-05-24,DBC.csv
2020-05-24,TDH.csv
2020-05-24,MST.csv
2020-05-24,TSC.csv
2020-05-24,VJC.csv
2020-05-24,VRE.csv
2020-05-24,ASM.csv
2020-05-24,OIL.csv
2020-05-24,IDI.csv
2020-05-24,KSB.csv
2020-05-24,HCM.csv
2020-05-24,HAR.csv
2020-05-24,OGC.csv
2020-05-24,EIB.csv
2020-05-24,NLG.csv
2020-05-24,VHM.csv
2020-05-24,HUT.csv
2020-05-24,HVN.csv
2020-05-24,APG.csv
2020-05-24,HAG.csv
