,Date,Stocks
0,2019-01-02,BVH|TIG|ART|PDR|FCN|DXG|JVC|GEX|VIC|HCD|SCR|DLG|VGI|TPB|VIB|NVB|REE|HBC|MSN|VPB|AAA|PVT|PLX|MBB|SHS|HHS|GAS|BSR|PVD|PVS|LDG|LPB|VND|TNG|VCB|AMD|SSI|TCB|DGW|CTG|SJF|TTF|TCM|HSG|NKG|VNM|TCH|FIT|PNJ|DRH|STB|TDH|MST|TSC|VJC|VRE|ASM|IDI|KSB|HCM|HAR|NLG|VHM|HAG
0,2019-01-03,BVH|TIG|ART|PDR|FCN|DXG|JVC|GEX|VIC|HCD|SCR|DLG|VGI|TPB|VIB|NVB|REE|HBC|MSN|VPB|AAA|PVT|PLX|MBB|SHS|HHS|GAS|BSR|PVD|PVS|LDG|LPB|VND|HQC|TNG|VCB|SSI|TCB|DGW|CTG|SJF|TTF|TCM|HSG|NKG|VNM|TCH|FIT|PNJ|DRH|STB|TDH|MST|TSC|VJC|VRE|ASM|IDI|KSB|HCM|HAR|NLG|VHM|HAG
0,2019-01-04,BVH|TIG|ART|PDR|FCN|DXG|JVC|GEX|VIC|HCD|SCR|DLG|VGI|TPB|VIB|REE|HBC|MSN|VPB|AAA|PLX|MBB|SHS|HHS|GAS|BSR|PVD|PVS|LDG|LPB|VND|HQC|TNG|VCB|SSI|TCB|DGW|SHB|CTG|SJF|TTF|TCM|HSG|NKG|TCH|FIT|PNJ|DRH|STB|TDH|MST|TSC|VJC|VRE|ASM|IDI|KSB|HCM|HAR|NLG|HUT|HAG
0,2019-01-07,BVH|TIG|ART|FLC|PDR|FCN|DXG|JVC|GEX|VIC|HCD|CEO|SCR|DLG|QCG|TPB|VIB|REE|HBC|MSN|VPB|AAA|PLX|MBB|SHS|HHS|GAS|BSR|PVD|LDG|LPB|VND|HQC|TNG|SSI|TCB|DGW|SHB|CTG|KBC|SJF|TTF|TCM|HSG|NKG|TCH|FIT|PNJ|DRH|STB|TDH|MST|TSC|VJC|VRE|ASM|IDI|KSB|HCM|HAR|NLG|HUT|HAG
0,2019-01-08,BVH|TIG|ART|PDR|FCN|DXG|JVC|GEX|VIC|HCD|CEO|SCR|DLG|QCG|VIB|REE|HBC|MSN|VPB|AAA|PLX|MBB|SHS|HHS|BSR|LDG|LPB|HQC|TNG|SSI|TCB|DGW|SHB|CTG|SJF|TTF|TCM|NKG|TCH|PNJ|DRH|STB|TDH|VJC|VRE|ASM|IDI|KSB|HCM|HAR|HUT|HAG
0,2019-01-09,BVH|ART|PDR|FCN|JVC|GEX|VIC|SCR|DLG|REE|HBC|VPB|PLX|MBB|SHS|LPB|HQC|SSI|TCB|DGW|CTG|SJF|TTF|NKG|TCH|PNJ|DRH|STB|TDH|VJC|VRE|ASM|IDI|KSB|HCM|HAR|HUT|HAG
0,2019-01-10,BVH|ART|FCN|JVC|GEX|VIC|SCR|DLG|HBC|VPB|PLX|MBB|SHS|LPB|HQC|SSI|TCB|DGW|CTG|ITA|SJF|TTF|NKG|TCH|PNJ|DRH|STB|TDH|VJC|KSB|HCM|HAR|HUT|HAG
0,2019-01-11,ART|FCN|JVC|GEX|SCR|DLG|HBC|VPB|MBB|SHS|LPB|HQC|SSI|DGW|FRT|CTG|ITA|SJF|TTF|NKG|TCH|PNJ|DRH|STB|TDH|VJC|KSB|HCM|HAR|HUT
0,2019-01-14,ART|FCN|CII|JVC|GEX|DLG|HBC|VPB|MBB|SHS|LPB|HQC|SSI|FRT|CTG|SJF|TTF|NKG|TCH|PNJ|DRH|STB|TDH|HCM|HAR|HUT
0,2019-01-15,ART|FCN|CII|DCM|DLG|SHS|ROS|LPB|HQC|HPG|SJF|TTF|NKG|TCH|DRH|NVL|HCM|HAR
0,2019-01-16,ART|FCN|CII|DCM|SBT|SHS|ROS|LPB|HQC|HPG|SJF|TTF|NKG|TCH|DRH|NVL|HCM
0,2019-01-17,ART|HAI|CII|DCM|SBT|SHS|ROS|LPB|HQC|HPG|SJF|TTF|NKG|TCH|DRH|NVL|HCM
0,2019-01-18,ART|HAI|CII|DCM|SBT|SHS|ROS|LPB|HQC|SJF|TTF|NKG|DRH|NVL|HCM
0,2019-01-21,ART|HAI|CII|DCM|SBT|SHS|ROS|LPB|HQC|SJF|TTF|NKG|DRH|NVL|HCM
0,2019-01-22,HAI|CII|DCM|SBT|SHS|ROS|LPB|HQC|CTD|SJF|TTF|NKG|DRH|NVL
0,2019-01-23,HAI|CII|DCM|SBT|SHS|ROS|LPB|HQC|CTD|SJF|TTF|NKG|DRH|NVL
0,2019-01-24,HAI|CII|DCM|SHS|ROS|LPB|HQC|CTD|SJF|TTF|NKG|NVL
0,2019-01-25,HAI|CII|DCM|ROS|LPB|HQC|CTD|SJF|TTF|NKG|NVL
0,2019-01-28,HAI|CII|DCM|ROS|LPB|HQC|CTD|SJF|TTF|NKG|NVL|TSC|OIL
0,2019-01-29,HAI|CII|DCM|ROS|HQC|CTD|SJF|NKG|TSC|OIL|HUT
0,2019-01-30,HAI|DCM|ROS|HQC|CTD|FRT|SJF|NKG|HUT
0,2019-01-31,HAI|DCM|ROS|HQC|CTD|FRT|ITA|SJF|NKG|KSB|HUT
0,2019-02-01,HAI|DCM|QCG|HBC|MSN|ROS|DRC|CTD|FRT|ITA|SJF|NKG|KSB|HUT
0,2019-02-11,HAI|DCM|QCG|ROS|DRC|CTD|FRT|ITA|SJF|NKG|HUT
0,2019-02-12,DCM|QCG|ROS|FRT|SJF|HUT
0,2019-02-13,QCG|ROS|FRT|SJF|HUT
0,2019-02-14,DLG|QCG|ROS|FRT|SJF
0,2019-02-15,QCG|FRT
0,2019-02-18,FRT
0,2019-02-19,FRT
0,2019-02-20,FRT
0,2019-02-21,FRT
0,2019-02-22,FRT
0,2019-02-25,FRT
0,2019-02-26,FRT
0,2019-02-27,LDG|FRT
0,2019-02-28,LDG|FRT
0,2019-03-01,JVC|LDG|FRT|SJF
0,2019-03-04,JVC|FRT|SJF|TTB
0,2019-03-05,HAI|DPM|AMD|FRT|TTB
0,2019-03-06,HCD|AMD|FRT|TTB
0,2019-03-07,HCD|NVB|SBT|AMD|FRT|TTB|STB
0,2019-03-08,HCD|NVB|REE|SBT|AMD|FRT|TTB|STB
0,2019-03-11,HCD|REE|SBT|TCB|FRT|TTB|STB
0,2019-03-12,HCD|SBT|DGW|FRT|VNM|TTB
0,2019-03-13,SBT|ROS|DGW|FRT|VNM|TTB
0,2019-03-14,SBT|ROS|FRT|VNM|TTB
0,2019-03-15,SBT|ROS|FRT|VNM|TTB
0,2019-03-18,SBT|ROS|FRT|VNM|TTB
0,2019-03-19,SBT|ROS|FRT|NKG|VNM|TTB
0,2019-03-20,GEX|SBT|ROS|FRT|TTB
0,2019-03-21,GEX|SBT|FRT|TTB
0,2019-03-22,GEX|SBT|FRT|TTB
0,2019-03-25,FLC|DXG|GEX|SBT|FRT|DIG|HSG|TTB|VJC|OIL|IDI
0,2019-03-26,FLC|DXG|GEX|CEO|MSN|SBT|DPM|BSR|LDG|HPG|FRT|SJF|DIG|HSG|TTB|VJC|OIL|IDI
0,2019-03-27,FLC|HAI|DXG|GEX|CEO|MSN|SBT|POW|DPM|BSR|LDG|FRT|SJF|DIG|TCH|TTB|VJC|ASM|OIL|IDI|HAR
0,2019-03-28,FLC|HAI|DXG|GEX|CEO|REE|HBC|MSN|SBT|POW|DPM|BSR|LDG|AMD|FRT|SJF|DIG|TTB|VJC|ASM|OIL|IDI|KSB|HAR
0,2019-03-29,FLC|HAI|DXG|GEX|CEO|REE|HBC|MSN|SBT|POW|DPM|BSR|LDG|VND|AMD|FRT|SJF|DIG|TCM|TTB|VJC|ASM|OIL|IDI|KSB|HAR
0,2019-04-01,FLC|HAI|DXG|GEX|CEO|REE|HBC|SBT|POW|DPM|BSR|LDG|VND|AMD|FRT|SJF|DIG|TCM|TTB|DRH|VJC|ASM|OIL|IDI|KSB|HAR
0,2019-04-02,FLC|HAI|FCN|DXG|VIC|CEO|SCR|REE|VPB|DPM|BSR|AMD|TCB|SHB|KBC|SJF|DIG|ACB|TTB|DRH|NVL|STB|VJC|ASM|OIL|IDI|KSB|HAR
0,2019-04-03,FLC|HAI|FCN|DXG|VIC|HCD|CEO|SCR|REE|VPB|DPM|PVT|BSR|ROS|DRC|HQC|MWG|AMD|TCB|SHB|DIG|ACB|TTB|DRH|NVL|STB|VJC|OIL|IDI|KSB|HCM|HAR
0,2019-04-04,HAI|VIC|SCR|LMH|VPB|DPM|PVT|ROS|DRC|MWG|HDB|TCB|DGW|CTG|TTB|NVL|MST|VJC|HCM
0,2019-04-05,HAI|VPB|DPM|PVT|ROS|DRC|HDB|TCB|DGW|CTG|TTB|MST|VJC|HCM
0,2019-04-08,HAI|VPB|DPM|PVT|ROS|DRC|HDB|TCB|DGW|CTG|TDH|MST|VJC|HCM
0,2019-04-09,HAI|VPB|DPM|PVT|ROS|DRC|HDB|TCB|DGW|CTG|TDH|VJC|HCM
0,2019-04-10,BVH|HAI|VPB|DPM|PVT|DRC|HDB|TCB|DGW|CTG|TDH|VJC|HCM
0,2019-04-11,BVH|HAI|VPB|DPM|DRC|HDB|TCB|DGW|CTG|VJC|HCM
0,2019-04-12,BVH|VPB|DPM|DRC|HDB|TCB|CTG|VJC|HCM
0,2019-04-16,BVH|VPB|DPM|DRC|TCB|CTG|VJC|HCM
0,2019-04-17,BVH|VPB|DPM|DRC|TCB|CTG|TSC|HCM|HAG
0,2019-04-18,BVH|HCD|VPB|DPM|DRC|TCB|CTG|HCM|HAR|OGC|APG|HAG
0,2019-04-19,BVH|FLC|CII|HCD|VPB|DPM|MBB|LDG|DRC|MWG|CTD|TCB|CTG|HSG|TCH|HCM|HAR|OGC|APG|HAG
0,2019-04-22,BVH|FLC|CII|PHR|VIC|HCD|VPB|DPM|MBB|LDG|LPB|DRC|MWG|CTD|TCB|CTG|ITA|HSG|TCH|HCM|HAR|OGC|APG|HAG
0,2019-04-23,BVH|FLC|CII|GEX|PHR|HCD|DLG|VPB|POW|DPM|MBB|HHS|LDG|LPB|DRC|CTD|TCB|CTG|ITA|HSG|TCH|DRH|BID|STB|HCM|HAR|OGC|APG
0,2019-04-24,BVH|FLC|CII|DCM|GEX|PHR|SCR|DLG|VGI|HBC|VPB|POW|DPM|MBB|HHS|LPB|DRC|AMD|CTD|SSI|TCB|CTG|ITA|HSG|VNM|TCH|PNJ|DRH|BID|OIL|HCM|HAR|OGC|HUT|APG
0,2019-04-25,BVH|FLC|CII|DCM|JVC|GEX|PHR|SCR|DLG|VGI|HBC|VPB|POW|DPM|MBB|HHS|LPB|VND|AMD|CTD|SSI|TCB|CTG|ITA|ACB|HSG|VNM|TCH|PNJ|DRH|BID|OIL|HCM|HAR|OGC|HUT|APG
0,2019-04-26,BVH|FLC|CII|DCM|DXG|JVC|GEX|SCR|DLG|TPB|HBC|VPB|POW|DPM|HHS|VND|HQC|AMD|CTD|SSI|TCB|FRT|CTG|ITA|TTF|TCM|HSG|NKG|VNM|TCH|DRH|BID|OIL|HCM|HAR|OGC|HUT|APG
0,2019-05-02,BVH|FLC|CII|DCM|DXG|JVC|SCR|DLG|TPB|VIB|HBC|VPB|HHS|VND|HDC|HQC|TNG|AMD|CTD|SSI|TCB|FRT|CTG|KBC|TTF|TCM|NKG|VNM|DRH|BID|OIL|KSB|HCM|HAR|OGC|HUT|APG
0,2019-05-03,BVH|FLC|PDR|CII|DCM|DXG|JVC|SCR|DLG|QCG|TPB|VIB|HBC|VPB|SBT|HHS|VND|HDC|HQC|TNG|AMD|SSI|TCB|CTG|KBC|TTF|TCM|NKG|VNM|FIT|DRH|BID|KSB|HCM|HAR|HUT|APG
0,2019-05-06,BVH|FLC|PDR|CII|DCM|DXG|JVC|SCR|DLG|QCG|TPB|VIB|HBC|VPB|SBT|HHS|VND|HDC|HQC|TNG|AMD|SSI|TCB|CTG|KBC|TTF|NKG|VNM|FIT|DRH|BID|KSB|HCM|HAR|HUT|APG
0,2019-05-07,BVH|FLC|PDR|HAI|DCM|DXG|JVC|SCR|DLG|QCG|TPB|VIB|HBC|VPB|SBT|HHS|ROS|HDC|AMD|SSI|TCB|CTG|KBC|TTF|NKG|VNM|FIT|DRH|BID|ASM|KSB|HAR|HUT|APG
0,2019-05-08,BVH|FLC|PDR|HAI|DCM|DXG|SCR|DLG|QCG|TPB|VIB|HBC|VPB|SBT|HHS|ROS|HDC|AMD|SSI|TCB|CTG|KBC|TTF|NKG|FIT|DRH|BID|ASM|KSB|HAR|APG
0,2019-05-09,BVH|FLC|PDR|HAI|DCM|DXG|SCR|DLG|QCG|VIB|HBC|VPB|SBT|HHS|ROS|HDC|AMD|SSI|TCB|CTG|KBC|TTF|NKG|FIT|DRH|BID|ASM|KSB|HAR|APG
0,2019-05-10,BVH|FLC|PDR|HAI|DCM|DXG|SCR|DLG|QCG|VIB|VPB|SBT|HHS|LDG|ROS|HDC|AMD|SSI|TCB|CTG|KBC|TNI|NKG|FIT|DRH|BID|MST|ASM|KSB|HAR|APG
0,2019-05-13,BVH|FLC|PDR|HAI|DCM|DXG|SCR|DLG|QCG|VIB|VPB|SBT|HHS|LDG|HDB|AMD|SSI|TCB|CTG|KBC|NKG|FIT|DRH|BID|ASM|KSB|HAR
0,2019-05-14,BVH|FLC|PDR|HAI|DCM|DXG|SCR|DLG|QCG|VIB|VPB|SBT|HHS|LDG|VCB|HDB|AMD|SSI|TCB|CTG|NKG|FIT|DRH|BID|ASM|IDI|KSB|HAR|HAG
0,2019-05-15,FLC|HAI|DXG|HCD|VPB|SBT|HHS|LDG|HDB|AMD|SSI|TCB|NKG|FIT|DRH|BID|TSC|IDI|KSB|HAR|HAG
0,2019-05-16,SBT|HHS|LDG|AMD|CTD|FIT|DRH|BID|HAR
0,2019-05-17,HHS|LDG|AMD|CTD|FIT|DRH|BID|HAR|VHM
0,2019-05-20,HHS|LDG|AMD|CTD|ACB|FIT|DRH|HAR
0,2019-05-21,HHS|CTD|DIG|FIT|DRH
0,2019-05-22,HHS|CTD|DIG|FIT|DRH
0,2019-05-23,HHS|CTD|DIG
0,2019-05-24,HHS|DIG
0,2019-05-27,HHS|DIG
0,2019-05-28,NVB|HHS|DIG
0,2019-05-29,NVB|HHS|HQC|DIG|FPT
0,2019-05-30,DLG|NVB|HHS|HQC|SHB|DIG|FPT
0,2019-05-31,DLG|NVB|HHS|HQC|SHB|DIG|FPT|HCM
0,2019-06-03,DLG|NVB|HHS|HQC|SHB|DIG|FPT|HCM|HUT
0,2019-06-04,SCR|DLG|NVB|SHS|HHS|HQC|AMD|SHB|SJF|DIG|VNM|FPT|MST|VRE|HCM|HUT
0,2019-06-05,CEO|SCR|DLG|VIB|NVB|REE|SHS|GAS|BSR|PVD|VND|HQC|AMD|SHB|SJF|DIG|VNM|FPT|STB|MST|VRE|ASM|OIL|HCM|VHM|HUT
0,2019-06-06,ART|FLC|FCN|HCD|CEO|DLG|QCG|VIB|NVB|REE|HBC|VPB|SHS|GAS|BSR|PVD|LDG|LPB|VND|HQC|AMD|CTD|SSI|TCB|SHB|SJF|DIG|VNM|TCH|FPT|DRH|BID|STB|MST|VRE|ASM|OIL|HCM|NLG|VHM|HUT
0,2019-06-07,FLC|HCD|CEO|DLG|QCG|VIB|NVB|HBC|VPB|GAS|BSR|PVD|LDG|LPB|DRC|VND|HQC|AMD|CTD|SSI|TCB|CTG|SJF|DIG|TCM|VNM|DRH|BID|STB|MST|ASM|OIL|HCM|OGC|NLG|VHM|HUT|HAG
0,2019-06-10,FLC|HCD|CEO|DLG|QCG|VIB|NVB|HBC|VPB|SBT|GAS|BSR|PVD|PVS|LDG|LPB|DRC|VND|AMD|CTD|TCB|CTG|SJF|DIG|TCM|VNM|DRH|BID|MST|ASM|OIL|HCM|OGC|NLG|VHM|HUT|HAG
0,2019-06-11,FLC|DCM|HCD|CEO|QCG|VIB|NVB|HBC|VPB|SBT|PLX|GAS|BSR|PVD|PVS|LDG|LPB|DRC|VND|HPG|AMD|CTD|TCB|CTG|SJF|DIG|TTF|ACB|TCM|VNM|PNJ|DRH|MST|ASM|OIL|HCM|OGC|NLG|VHM|HUT|HAG
0,2019-06-12,FLC|DCM|HCD|QCG|VIB|HBC|VPB|SBT|PLX|MBB|GAS|BSR|PVD|PVS|LDG|LPB|DRC|HDC|HPG|CTD|TCB|DGW|CTG|SJF|DIG|TTF|ACB|TCM|HSG|VNM|PNJ|DRH|MST|ASM|OIL|IDI|HCM|OGC|NLG|VHM|HUT|HAG
0,2019-06-13,FLC|DCM|QCG|VIB|HBC|SBT|DRC|HDC|HPG|CTD|TCB|DGW|SJF|DIG|ACB|HSG|VNM|PNJ|MST|ASM|OIL|IDI|KSB|OGC|VHM|HUT|HAG
0,2019-06-14,DCM|QCG|VIB|HBC|SBT|DPM|HDC|HPG|CTD|DGW|SJF|HSG|VNM|PNJ|MST|ASM|OIL|IDI|OGC|VHM|HUT
0,2019-06-17,DCM|QCG|VIB|HBC|SBT|DPM|HPG|CTD|DGW|SJF|HSG|VNM|PNJ|MST|ASM|OIL|IDI|VHM
0,2019-06-18,DCM|JVC|QCG|VIB|HBC|SBT|DPM|CTD|DGW|ITA|VNM|PNJ|MST|ASM|OIL|IDI|VHM
0,2019-06-19,DCM|QCG|VIB|HBC|SBT|DPM|CTD|DGW|ITA|VNM|PNJ|TTB|MST|ASM|OIL|IDI|VHM
0,2019-06-20,DCM|QCG|VIB|HBC|SBT|DPM|CTD|DGW|ITA|VNM|PNJ|TTB|MST|ASM|OIL|IDI|VHM
0,2019-06-21,DCM|QCG|HBC|DPM|CTD|DGW|ITA|VNM|PNJ|TTB|MST|ASM|OIL|IDI|VHM
0,2019-06-24,DCM|QCG|HBC|MSN|DPM|CTD|DGW|ITA|VNM|PNJ|TTB|NVL|MST|ASM|OIL|IDI|VHM
0,2019-06-25,DCM|QCG|HBC|MSN|DPM|CTD|DGW|PNJ|TTB|NVL|MST|ASM|OIL|IDI|VHM
0,2019-06-26,DCM|GEX|QCG|HBC|DPM|VND|DGW|PNJ|TTB|ASM|OIL|IDI|VHM
0,2019-06-27,DCM|GEX|QCG|HBC|DPM|LDG|DRC|TCB|DGW|PNJ|TTB|VRE|OIL|VHM
0,2019-06-28,SCR|QCG|TPB|HBC|DPM|LDG|TTB|OIL
0,2019-07-01,CII|SCR|QCG|TPB|HBC|POW|DPM|SHS|LDG|TTB|OIL
0,2019-07-02,CII|JVC|SCR|QCG|TPB|HBC|POW|DPM|SHS|HHS|LDG|ROS|TNI|TTB|OIL
0,2019-07-03,CII|JVC|SCR|QCG|TPB|HBC|POW|DPM|SHS|HHS|LDG|ROS|TNI|TTB|OIL|HUT
0,2019-07-04,FLC|CII|JVC|CEO|SCR|QCG|HBC|POW|DPM|SHS|HHS|LDG|ROS|GTN|TNI|TTB|TDH|OIL|HAR|HUT
0,2019-07-05,FLC|CII|JVC|CEO|SCR|QCG|HBC|POW|DPM|LDG|ROS|GTN|TTB|TDH|OIL|HAR|HUT
0,2019-07-08,FLC|CII|CEO|SCR|QCG|POW|DPM|ROS|SHB|DIG|TTB|TDH|OIL|HAR|NLG
0,2019-07-09,CII|CEO|SCR|VGI|QCG|ROS|SHB|TDH|OIL
0,2019-07-10,CII|CEO|SCR|QCG|ROS|SHB|TDH|OIL
0,2019-07-11,CEO|SCR|QCG|BSR|ROS|HPG|TDH|OIL
0,2019-07-12,CEO|SCR|QCG|BSR|ROS|VND|HPG|HDB|TDH|OIL
0,2019-07-15,CEO|SCR|BSR|ROS|VND|HPG|HDB|TDH
0,2019-07-16,SCR|BSR|ROS|VND|HPG|HDB|DRH|TDH|EIB|APG
0,2019-07-17,SCR|BSR|ROS|HPG|DRH|TDH|EIB|APG
0,2019-07-18,SCR|BSR|ROS|HPG|FRT|DRH|EIB|APG
0,2019-07-19,SCR|SBT|BSR|ROS|HPG|TTF|DRH|KSB|EIB|APG
0,2019-07-22,SCR|SBT|BSR|ROS|HPG|TTF|TCM|DRH|EIB
0,2019-07-23,SCR|MSN|SBT|BSR|ROS|TTF|TCM|DRH|ASM|EIB
0,2019-07-24,SCR|MSN|SBT|BSR|ROS|TTF|TCM|DRH|ASM|HAR|EIB
0,2019-07-25,FCN|SCR|HBC|SBT|POW|BSR|ROS|TTF|TCM|DRH|ASM|HAR|EIB|HAG
0,2019-07-26,FCN|HBC|SBT|POW|DPM|BSR|ROS|SJF|TTF|TCM|FIT|DRH|ASM|HCM|HAR|EIB|HAG
0,2019-07-29,FCN|HBC|SBT|POW|DPM|BSR|SJF|TTF|TCM|NKG|DRH|NVL|ASM|HCM|HAR|EIB|HAG
0,2019-07-30,FCN|REE|HBC|SBT|POW|DPM|BSR|SJF|TTF|TCM|NKG|DRH|ASM|HCM|HAR|HAG
0,2019-07-31,FCN|REE|HBC|SBT|DPM|BSR|PVS|SJF|TTF|TCM|NKG|DRH|ASM|HCM|HAR|HAG
0,2019-08-01,FLC|FCN|HBC|VPB|DPM|HHS|BSR|PVD|PVS|VND|TNG|SJF|TTF|TCM|TDH|MST|ASM|IDI|HCM|HAR|HAG
0,2019-08-02,FLC|FCN|HBC|VPB|DPM|SHS|HHS|BSR|PVD|PVS|VND|TNG|SJF|TTF|TDH|MST|ASM|OIL|IDI|HCM|HAR|HAG
0,2019-08-05,FLC|FCN|DXG|JVC|CEO|VPB|DPM|SHS|HHS|BSR|PVD|PVS|VND|TNG|SSI|CTG|SJF|TTF|STB|TDH|ASM|OIL|IDI|HCM|HAR|HUT|HAG
0,2019-08-06,FLC|FCN|DXG|JVC|CEO|DPM|SHS|HHS|BSR|PVD|PVS|VND|TNG|SSI|TCB|DGW|CTG|SJF|TTF|ACB|STB|TDH|ASM|OIL|IDI|HCM|HAR|HUT|HAG
0,2019-08-07,BVH|FLC|FCN|DXG|JVC|CEO|DPM|AAA|SHS|HHS|BSR|PVD|PVS|VND|TNG|AMD|SSI|TCB|DGW|CTG|SJF|TTF|ACB|HSG|STB|TDH|ASM|OIL|IDI|HCM|HAR|HUT|HAG
0,2019-08-08,BVH|FCN|DXG|JVC|SCR|NVB|DPM|AAA|SHS|HHS|BSR|PVD|PVS|VND|TNG|HDB|AMD|SSI|TCB|DGW|CTG|SJF|DIG|TTF|ACB|HSG|VNM|STB|TDH|ASM|IDI|HCM|HAR|HUT|HAG
0,2019-08-09,BVH|ART|HAI|FCN|DXG|JVC|SCR|NVB|DPM|AAA|SHS|HHS|BSR|PVD|PVS|VND|TNG|AMD|SSI|TCB|SHB|CTG|SJF|DIG|ACB|HSG|VNM|STB|ASM|IDI|HCM|HAR|HVN|HAG
0,2019-08-12,BVH|HAI|FCN|DXG|JVC|SCR|NVB|AAA|SHS|HHS|BSR|PVD|PVS|VND|HQC|TNG|AMD|SSI|TCB|SHB|CTG|SJF|DIG|ACB|HSG|VNM|STB|ASM|IDI|HCM|HVN|HAG
0,2019-08-13,BVH|HAI|FCN|DXG|HCD|SCR|NVB|POW|AAA|SHS|HHS|BSR|PVD|PVS|VND|HQC|TNG|AMD|SSI|TCB|SHB|SJF|DIG|ACB|HSG|VNM|STB|ASM|IDI|HCM|HVN|APG
0,2019-08-14,BVH|HAI|FCN|DXG|HCD|SCR|NVB|MSN|POW|AAA|HHS|GAS|BSR|PVD|PVS|LPB|VND|HQC|TNG|AMD|SSI|SHB|SJF|DIG|ACB|HSG|VNM|STB|VRE|HCM|HVN
0,2019-08-15,BVH|HAI|DXG|HCD|SCR|NVB|MSN|POW|AAA|PLX|GAS|BSR|PVD|PVS|LPB|VND|HQC|TNG|AMD|SSI|SHB|TNI|SJF|DIG|ACB|HSG|STB|HCM|HVN
0,2019-08-16,HAI|CII|DXG|NVB|POW|AAA|GAS|BSR|LPB|HQC|TNG|AMD|SHB|HSG|STB
0,2019-08-19,HAI|CII|DXG|NVB|POW|AAA|BSR|LPB|HQC|TNG|AMD|CTD|SHB|HSG|STB
0,2019-08-20,HAI|CII|DXG|NVB|POW|AAA|BSR|LPB|HQC|TNG|AMD|CTD|SHB|HSG|STB
0,2019-08-21,HAI|CII|DXG|NVB|POW|AAA|BSR|LPB|HQC|TNG|AMD|CTD|SHB|HSG|STB
0,2019-08-22,HAI|CII|DXG|NVB|POW|AAA|BSR|LPB|HQC|AMD|CTD|SHB|STB
0,2019-08-23,PDR|CII|NVB|AAA|BSR|ROS|HQC|SHB|TCM
0,2019-08-26,PDR|CII|NVB|AAA|BSR|FRT|SHB|TCM
0,2019-08-27,CII|GEX|NVB|AAA|BSR|FRT|HAG
0,2019-08-28,CII|GEX|NVB|AAA|BSR|FRT|HAG
0,2019-08-29,FLC|CII|HCD|NVB|AAA|HHS|BSR|FRT|HVN
0,2019-08-30,FLC|HCD|CEO|NVB|AAA|HHS|FRT|HVN
0,2019-09-03,FLC|HCD|CEO|NVB|AAA|SHS|HHS|FRT|SJF|TTF|TCH|NLG|HVN
0,2019-09-04,FLC|HCD|CEO|AAA|SHS|HHS|HPG|FRT|SJF|TTF|PNJ|NLG|HVN|APG
0,2019-09-05,FLC|HCD|CEO|AAA|PLX|SHS|HHS|VND|HPG|FRT|CTG|SJF|TTF|PNJ|NLG|HVN|APG
0,2019-09-06,FLC|HCD|CEO|AAA|PLX|SHS|HHS|VND|HPG|SSI|FRT|CTG|SJF|TTF|NKG|PNJ|NLG|HVN
0,2019-09-09,FLC|PHR|HCD|REE|MSN|AAA|SHS|HHS|VND|HPG|SSI|FRT|CTG|SJF|TTF|NKG|PNJ|VRE|NLG|HVN
0,2019-09-10,ART|FLC|HAI|PHR|HCD|VGI|REE|AAA|SHS|HHS|VND|HPG|SSI|FRT|CTG|SJF|TTF|TCM|NKG|PNJ|VRE|OIL|KSB|OGC|NLG|HVN
0,2019-09-11,BVH|ART|FLC|HAI|FCN|PHR|HCD|VGI|REE|POW|SHS|HHS|GAS|PVS|HPG|HDB|SSI|FRT|CTG|SJF|TTF|TCM|NKG|PNJ|VRE|OIL|KSB|OGC|NLG|HVN
0,2019-09-12,BVH|ART|FLC|HAI|FCN|PHR|HCD|VGI|POW|SHS|HHS|GAS|PVS|LPB|HDB|SSI|FRT|CTG|SJF|TTF|TCM|NKG|PNJ|TTB|VRE|OIL|IDI|KSB|OGC|NLG|HVN|HAG
0,2019-09-13,BVH|ART|FLC|HAI|FCN|PHR|DLG|VGI|POW|SHS|HHS|BSR|PVS|LPB|SSI|SJF|TTF|TCM|NKG|PNJ|TTB|VRE|ASM|OIL|IDI|OGC|NLG|HVN|HAG
0,2019-09-16,BVH|ART|FLC|FCN|PHR|VGI|POW|HHS|PVS|LPB|SJF|TTF|HSG|NKG|PNJ|TTB|OIL|OGC|HVN|HAG
0,2019-09-17,BVH|ART|FCN|PHR|VGI|POW|DPM|LPB|TNI|SJF|TTF|HSG|NKG|TTB|OIL|OGC|HVN|HAG
0,2019-09-18,BVH|ART|PHR|VGI|POW|DPM|TNI|SJF|TTF|HSG|NKG|TTB|HVN|HAG
0,2019-09-19,BVH|ART|DPM|HQC|ITA|TNI|TTF|HSG|NKG|TTB|HAG
0,2019-09-20,BVH|HQC|TNI|TTB|HAG
0,2019-09-23,HQC|TNI|TTB|HAG
0,2019-09-24,HQC|TNI|TTB|HAG
0,2019-09-25,HQC|TTB|HAG
0,2019-09-26,HQC|TTB|HAG
0,2019-09-27,HQC|TTB
0,2019-09-30,HQC|TTB
0,2019-10-01,VIC|HQC|TTB
0,2019-10-02,VIC|HQC|TTB
0,2019-10-03,VIC|DLG|AAA|HQC|HPG|TTB|VRE
0,2019-10-04,VIC|SCR|DLG|LMH|AAA|PLX|HQC|HPG|AMD|TTB|VRE|APG
0,2019-10-07,DCM|VIC|SCR|DLG|LMH|AAA|PVT|PLX|HQC|HPG|AMD|FRT|TTB|VRE|APG
0,2019-10-08,DCM|VIC|SCR|DLG|LMH|AAA|PVT|PLX|PVD|PVS|ROS|HQC|HPG|AMD|FRT|PNJ|TTB|VRE|APG
0,2019-10-09,DCM|VIC|SCR|DLG|LMH|MSN|SBT|AAA|PVT|PLX|PVD|PVS|ROS|HQC|HPG|AMD|CTD|FRT|PNJ|TTB|DRH|VRE|HAR|VHM|APG
0,2019-10-10,DCM|VIC|SCR|DLG|LMH|MSN|AAA|PVT|PLX|PVD|PVS|ROS|LPB|HQC|HPG|AMD|CTD|FRT|PNJ|DRH|VRE|HAR|VHM|APG
0,2019-10-11,DCM|VIC|SCR|DLG|LMH|MSN|AAA|PLX|PVD|PVS|ROS|HQC|HPG|AMD|CTD|FRT|SJF|DRH|VRE|HAR|VHM|APG
0,2019-10-14,FLC|DCM|SCR|DLG|LMH|MSN|PLX|PVD|PVS|ROS|HQC|HPG|CTD|FRT|SJF|DRH|VRE|HAR|VHM|APG
0,2019-10-15,SCR|DLG|LMH|PLX|GAS|PVD|PVS|ROS|HPG|CTD|FRT|DRH|VRE|HAR|VHM|APG
0,2019-10-16,BVH|DXG|CEO|SCR|DLG|REE|LMH|PVD|PVS|ROS|HPG|CTD|SSI|FRT|DRH|VRE|HAR|VHM|APG
0,2019-10-17,CEO|SCR|DLG|REE|LMH|HBC|PVD|PVS|ROS|CTD|FRT|DRH|HAR|VHM|APG
0,2019-10-18,CEO|SCR|DLG|REE|LMH|HBC|PVD|ROS|VND|CTD|ITA|DRH|HAR|VHM|APG|HAG
0,2019-10-21,FCN|CEO|SCR|DLG|REE|LMH|HBC|PVD|ROS|VND|CTD|ITA|DRH|NVL|HAR|VHM|APG|HAG
0,2019-10-22,FCN|CEO|SCR|REE|LMH|HBC|PVD|VND|CTD|ITA|TCM|DRH|NVL|HAR|VHM|APG
0,2019-10-23,FCN|CEO|SCR|REE|LMH|HBC|PVD|VND|CTD|ITA|DIG|TCM|DRH|NVL|VHM|APG
0,2019-10-24,FCN|SCR|REE|LMH|HBC|PVD|CTD|DIG|TCM|DRH|NVL|TDH|VHM|APG
0,2019-10-25,FCN|SCR|REE|LMH|HBC|PVD|LDG|CTD|DIG|TCM|DRH|NVL|TDH|EIB|VHM|APG
0,2019-10-28,GEX|SCR|REE|LMH|HBC|PVD|LDG|TNG|CTD|DIG|TCM|DRH|NVL|TDH|EIB|VHM
0,2019-10-29,GEX|SCR|LMH|HBC|PVD|LDG|TNG|CTD|DIG|TCM|TTB|DRH|NVL|TDH
0,2019-10-30,BVH|DXG|SCR|LMH|HBC|MSN|LDG|TNG|CTD|DIG|TCM|TTB|DRH|NVL|TDH|KSB
0,2019-10-31,DXG|SCR|VIB|LMH|HBC|MSN|DPM|LDG|TNG|CTD|DIG|TCM|TTB|DRH|NVL|DBC|TDH|KSB
0,2019-11-01,DXG|SCR|LMH|HBC|DPM|LDG|TNG|CTD|DIG|TTB|DRH|NVL|DBC|TDH|OIL|KSB
0,2019-11-04,SCR|QCG|LMH|HBC|DPM|DRC|TNG|CTD|SJF|DIG|TTB|DRH|NVL|DBC|TDH|ASM|OIL|IDI|KSB
0,2019-11-05,JVC|SCR|QCG|LMH|HBC|DPM|DRC|TNG|CTD|FRT|SJF|DIG|TTB|DRH|NVL|ASM|OIL|IDI|KSB
0,2019-11-06,DCM|JVC|CEO|SCR|QCG|LMH|HBC|DPM|HHS|DRC|TNG|CTD|FRT|SJF|DIG|TTB|DRH|NVL|ASM|OIL|IDI|KSB
0,2019-11-07,DCM|JVC|SCR|QCG|LMH|HBC|DPM|HHS|DRC|TNG|CTD|FRT|SJF|DIG|TTB|DRH|NVL|ASM|OIL|IDI|KSB
0,2019-11-08,DCM|JVC|PHR|SCR|QCG|LMH|HBC|DPM|HHS|DRC|TNG|CTD|FRT|KBC|SJF|DIG|TTB|DRH|NVL|ASM|OIL|IDI|KSB
0,2019-11-11,DCM|JVC|PHR|SCR|QCG|LMH|HBC|DPM|HHS|DRC|TNG|CTD|FRT|KBC|SJF|DIG|VNM|TTB|DRH|NVL|ASM|OIL|KSB|HAG
0,2019-11-12,DCM|PHR|SCR|QCG|LMH|HBC|HHS|CTD|FRT|SJF|VNM|TTB|DRH|NVL|ASM|OIL|KSB|HAG
0,2019-11-13,DCM|PHR|SCR|QCG|HBC|HHS|HQC|CTD|FRT|VNM|TTB|DRH|NVL|ASM|OIL|KSB|HAG
0,2019-11-14,DCM|PHR|SCR|QCG|HBC|HHS|HQC|CTD|FRT|VNM|TTB|DRH|NVL|ASM|OIL|KSB|HAG
0,2019-11-15,FCN|DCM|PHR|SCR|QCG|HBC|HHS|HQC|MWG|CTD|FRT|VNM|TTB|DRH|ASM|OIL|KSB|HAG
0,2019-11-18,FCN|DCM|PHR|SCR|QCG|HBC|HHS|HQC|MWG|CTD|FRT|VNM|TTB|DRH|ASM|OIL|KSB|NLG|HAG
0,2019-11-19,FLC|FCN|DCM|PHR|SCR|QCG|HBC|HQC|MWG|CTD|FRT|VNM|TTB|DRH|ASM|OIL|KSB|NLG|HAG
0,2019-11-20,FCN|DCM|SCR|QCG|HBC|HQC|MWG|CTD|FRT|VNM|TTB|DRH|OIL|KSB|NLG|HAG
0,2019-11-21,FCN|DCM|SCR|VGI|QCG|HBC|HQC|MWG|CTD|FRT|VNM|TTB|OIL|KSB|HAG
0,2019-11-22,FCN|DCM|SCR|VGI|QCG|HBC|HQC|MWG|CTD|FRT|VNM|TTB|STB|OIL|KSB|HAG
0,2019-11-25,BVH|FCN|DCM|VIC|SCR|VGI|QCG|REE|HBC|MSN|AAA|PVD|LDG|HQC|MWG|CTD|FRT|CTG|TCM|VNM|TTB|STB|OIL|KSB|HVN|HAG
0,2019-11-26,BVH|FCN|DCM|DXG|VIC|SCR|VGI|QCG|VIB|REE|LMH|HBC|MSN|VPB|AAA|MBB|PVD|LDG|HQC|MWG|VCB|HDB|CTD|SSI|FRT|SHB|CTG|ACB|TCM|VNM|TTB|FPT|STB|OIL|HVN|HAG
0,2019-11-27,BVH|FCN|DCM|DXG|VIC|VGI|QCG|TPB|VIB|REE|LMH|HBC|MSN|VPB|AAA|MBB|SHS|PVD|PVS|LDG|HQC|MWG|VCB|HDB|CTD|SSI|FRT|SHB|CTG|ITA|ACB|TCM|VNM|TTB|FPT|STB|OIL|VHM|HVN|HAG
0,2019-11-28,BVH|FCN|DCM|DXG|VIC|VGI|QCG|TPB|VIB|REE|HBC|MSN|VPB|AAA|MBB|SHS|PVD|PVS|LDG|HQC|MWG|VCB|HDB|CTD|SSI|TCB|DGW|FRT|SHB|CTG|ITA|ACB|NKG|PNJ|TTB|FPT|STB|OIL|HCM|VHM|HVN|HAG
0,2019-11-29,BVH|FCN|DCM|DXG|VIC|VGI|QCG|TPB|VIB|REE|HBC|MSN|VPB|SBT|DPM|AAA|MBB|SHS|PVD|PVS|LDG|VND|MBG|HQC|MWG|VCB|HDB|CTD|SSI|TCB|DGW|FRT|SHB|CTG|ACB|NKG|PNJ|TTB|FPT|STB|OIL|HCM|EIB|VHM|HAG
0,2019-12-02,BVH|FCN|DCM|DXG|VIC|VGI|QCG|TPB|VIB|REE|HBC|MSN|VPB|SBT|DPM|AAA|MBB|SHS|GAS|PVD|PVS|LDG|VND|HDC|MBG|HQC|MWG|VCB|HDB|CTD|SSI|TCB|DGW|FRT|SHB|CTG|ACB|NKG|PNJ|TTB|FPT|STB|TSC|OIL|HCM|EIB|VHM|HAG
0,2019-12-03,BVH|FCN|DCM|DXG|GEX|VIC|HCD|VGI|QCG|TPB|VIB|REE|MSN|VPB|SBT|DPM|AAA|MBB|SHS|GAS|PVD|PVS|LDG|VND|HDC|MBG|HQC|MWG|VCB|HDB|CTD|SSI|TCB|DGW|FRT|SHB|CTG|ACB|PNJ|TTB|FPT|BID|STB|DBC|TSC|OIL|HCM|OGC|VHM|HAG
0,2019-12-04,BVH|FCN|DCM|DXG|GEX|VIC|HCD|DLG|VGI|QCG|VIB|REE|MSN|VPB|DPM|AAA|PLX|MBB|SHS|GAS|BSR|PVD|PVS|LDG|LPB|VND|HDC|MBG|HQC|VCB|HDB|CTD|SSI|DGW|FRT|SHB|CTG|ACB|TTB|FPT|STB|TSC|OIL|OGC|NLG|VHM|HAG
0,2019-12-05,BVH|DCM|DXG|GEX|VIC|HCD|DLG|VGI|QCG|VIB|REE|MSN|VPB|DPM|AAA|PLX|MBB|SHS|GAS|BSR|PVD|PVS|LPB|VND|HDC|MBG|HQC|CTD|SSI|FRT|SHB|CTG|ACB|TTB|FPT|STB|TSC|OIL|OGC|NLG|VHM|HAG
0,2019-12-06,BVH|CII|DCM|DXG|GEX|HCD|DLG|VGI|QCG|VIB|REE|MSN|VPB|PVT|PLX|MBB|SHS|GAS|BSR|PVD|PVS|LPB|VND|HDC|MBG|HQC|CTD|SSI|FRT|SHB|CTG|ACB|TTB|FPT|STB|OIL|OGC|NLG|VHM|HAG
0,2019-12-09,BVH|CII|DCM|DXG|GEX|HCD|DLG|VGI|QCG|VIB|MSN|VPB|POW|PVT|PLX|MBB|SHS|GAS|BSR|PVD|PVS|LPB|VND|HDC|MBG|HQC|CTD|SSI|FRT|SHB|CTG|ACB|TTB|FPT|STB|OIL|OGC|VHM|HAG
0,2019-12-10,BVH|CII|DCM|DXG|GEX|HCD|DLG|VGI|QCG|VIB|MSN|VPB|POW|PVT|PLX|MBB|SHS|GAS|BSR|PVD|PVS|ROS|LPB|HDC|MBG|HQC|CTD|SSI|FRT|SHB|CTG|ACB|TTB|FPT|STB|OIL|OGC|VHM|HAG
0,2019-12-11,BVH|CII|DCM|GEX|PHR|HCD|VGI|QCG|VIB|MSN|VPB|POW|PVT|PLX|MBB|SHS|GAS|BSR|PVD|PVS|ROS|LPB|HDC|MBG|HQC|CTD|SSI|CTG|ACB|VNM|TTB|STB|OIL|OGC|VHM
0,2019-12-12,BVH|CII|DCM|GEX|PHR|HCD|CEO|QCG|VIB|MSN|POW|PVT|PLX|GAS|BSR|PVD|ROS|LPB|HDC|MBG|HQC|SSI|ITA|TTB|OIL|IDI|VHM
0,2019-12-13,DCM|GEX|PHR|HCD|QCG|MSN|POW|PLX|BSR|ROS|MBG|SSI|ITA|TTB|VHM
0,2019-12-16,DCM|GEX|PHR|HCD|MSN|POW|PLX|BSR|ROS|MBG|SSI|ITA|TTB|VHM
0,2019-12-17,DCM|GEX|PHR|HCD|MSN|POW|PLX|BSR|ROS|MBG|SSI|ITA|TTB|VHM
0,2019-12-18,DCM|GEX|PHR|TPB|MSN|POW|PLX|BSR|ROS|MBG|SSI|ITA|TTF|TTB|HCM|VHM
0,2019-12-19,JVC|GEX|PHR|TPB|LMH|MSN|POW|PLX|BSR|ROS|MBG|SSI|ITA|TTB|HCM|VHM
0,2019-12-20,JVC|GEX|PHR|TPB|MSN|BSR|ROS|MBG|SSI|ITA|TTB|VJC|HCM|VHM|HVN
0,2019-12-23,JVC|GEX|PHR|HBC|MSN|BSR|ROS|MBG|SSI|ITA|TTB|VJC|HCM|NLG|VHM
0,2019-12-24,JVC|GEX|PHR|HBC|MSN|BSR|ROS|SSI|FRT|TTB|VJC|HCM|NLG|VHM
0,2019-12-25,JVC|GEX|PHR|HBC|MSN|BSR|ROS|SSI|FRT|TTB|VJC|VRE|HCM|VHM
0,2019-12-26,JVC|GEX|PHR|HBC|MBB|GAS|BSR|ROS|SSI|DGW|FRT|ACB|VRE|OIL|HCM|VHM
0,2019-12-27,JVC|GEX|PHR|HBC|SBT|AAA|MBB|GAS|BSR|ROS|CTD|SSI|FRT|ACB|OIL|HCM|VHM|APG
0,2019-12-30,CII|JVC|GEX|PHR|VIC|QCG|AAA|MBB|BSR|ROS|CTD|SSI|FRT|OIL|HCM|APG
0,2019-12-31,JVC|GEX|PHR|VIC|QCG|AAA|ROS|CTD|SSI|FRT|HSG|OIL|OGC
