Date,Sell,Buy,BuyMore
2020-05-29,,,
2020-05-28,HAI|DCM|DXG|GEX|HDB|FRT|CTG|GTN|DIG|KLF|VNM|DRH|ASM|HCM|EIB|HUT,BVH|CTD|BID|DBC,KLF|MST
2020-05-27,TIG|HAI|FCN|DCM|CEO|SHS|HQC|HPG|MWG|HDB|TCB|CTG|GTN|DIG|TCH|PNJ|DRH|STB|VRE|VHM,BVH|PHR|DRC|VCB|CTD|KBC|TCM|TTB|DBC,VIC|SCR|PVT|CTD|SHB|TNI|PVX|TSC|OGC|HUT|HVN
2020-05-26,FCN|VIC|CEO|NVB|SBT|PLX|MBB|GAS|ROS|MWG|HDB|CTD|TCB|FPT|NVL|STB|EIB|VHM,BVH|GEX|PHR|DPM|DRC|VND|HPG|VCB|FRT|ACB|TCM|VNM|TTB|BID|DBC|KSB,HAI|REE|SHS|HQC|GTN|TCH|ASM
2020-05-25,BVH|TIG|FLC|HAI|FCN|NVB|MSN|VPB|SBT|POW|AAA|PLX|MBB|GAS|PVD|ROS|HDC|MWG|AMD|CTD|TCB|DIG|PNJ|FPT|STB|MST|VRE|VHM|HAG,PHR|DPM|HPG|VCB|HDB|FRT|CTG|VNM|DBC|KSB|EIB,LDG|DRC|KBC|ITA
2020-05-24,,,
2020-05-23,,,
2020-05-22,TIG|FLC|PDR|GEX|PHR|VIC|QCG|TPB|NVB|MSN|VPB|SBT|POW|PLX|MBB|GAS|PVD|PVS|HDC|MWG|SSI|TCB|DGW|KBC|HSG|FIT|PNJ|FPT|MST|IDI|HCM|HUT,HPG|VCB|FRT|VNM|DBC|VRE|KSB|EIB|VHM,BVH|FCN|DCM|DPM|AAA|TNG|AMD|TCM|FPT
2020-05-21,ART|CII|VIC|SCR|LMH|VPB|PVT|BSR|PVD|PVS|TNG|DGW|GTN|KLF|HSG|NKG|FIT|NVL|TDH|MST|TSC|ASM|IDI|KSB|HCM|HAR|HUT,VIC|VGI|MSN|PLX|GAS|HPG|MWG|VCB|HDB|TCB|FRT|CTG|VNM|DBC|VRE|EIB|VHM,FLC|PHR|QCG|VIB|NVB|POW|LPB|KBC|KSB
2020-05-20,ART|FLC|JVC|VIC|CEO|SCR|REE|LMH|PVT|BSR|TTF|KLF|FIT|TDH|MST|TSC|ASM|IDI|HUT,VGI|VPB|PLX|GAS|HDC|HPG|MWG|VCB|FRT|HSG|PNJ|DBC|VRE|EIB|VHM,ROS|CTD|DIG|GVR|DRH|BID|NVL|VRE
2020-05-19,BVH|ART|FLC|PDR|HAI|CII|DCM|DXG|JVC|DLG|QCG|VIB|REE|HBC|MSN|AAA|PVT|SHS|BSR|LDG|VND|HQC|TNG|AMD|CTD|FRT|ITA|DIG|TTF|KLF|TCM|VNM|TCH|FIT|BID|STB|TDH|TSC|ASM|OIL|IDI|HAR|OGC|NLG|HUT|HVN,GEX|VPB|GAS|HDC|HPG|MWG|VCB|HSG|PNJ|DBC,VIC|VGI|MWG|VHM
2020-05-18,BVH|TIG|FCN|CII|DCM|DXG|PHR|CEO|DLG|QCG|VIB|REE|SBT|DPM|AAA|PVT|PLX|MBB|SHS|HHS|PVS|LDG|LPB|VND|HQC|TNG|HDB|AMD|CTD|FRT|CTG|KBC|ITA|SJF|DIG|GVR|TCM|NKG|VNM|TCH|PNJ|DRH|BID|STB|OIL|KSB|NLG|VHM|HVN|HAG,GEX|MSN|VPB|VCB|HCM,
2020-05-17,,,
2020-05-16,,,
2020-05-15,BVH|TIG|FCN|CII|DCM|PHR|VIC|VGI|VIB|NVB|VPB|POW|DPM|AAA|PLX|MBB|HHS|GAS|PVD|PVS|LDG|LPB|VND|MBG|HPG|TNG|MWG|CTD|SSI|TCB|DGW|SHB|CTG|KBC|GTN|TNI|SJF|DIG|GVR|KLF|ACB|TCM|VNM|TCH|PNJ|TTB|DRH|PVX|DBC|OIL|KSB|OGC|NLG|VHM|APG,PDR|GEX|TPB|FRT,
2020-05-14,FLC|PHR|VIC|VGI|VIB|NVB|VPB|SBT|POW|GAS|PVD|LPB|DRC|MBG|HPG|MWG|DGW|SHB|KBC|GTN|TNI|GVR|ACB|TCH|FPT|DRH|PVX|VJC|VRE|OIL|KSB|EIB|VHM|APG,BVH|PDR|CII|DXG|TPB|REE|HBC|MSN|PLX|TNG|VCB|CTD|FRT|TCM|HSG|VNM|PNJ|BID|DBC|NLG|HVN,LMH|KLF
2020-05-13,FLC|JVC|GEX|VIC|NVB|FRT|FIT|FPT|PVX|NVL|MST|VJC|VRE|HAR|EIB|APG,BVH|TIG|CII|DXG|PHR|TPB|REE|MSN|VPB|PVT|PLX|MBB|GAS|PVD|PVS|VND|HPG|TNG|VCB|HDB|CTD|TCB|DGW|CTG|GVR|TCM|VNM|TCH|PNJ|DRH|BID|DBC|KSB|HCM|NLG|HVN,ART|PDR|HAI|MBG|HQC|AMD|TTF|FIT|MST|TSC
2020-05-12,ART|JVC|GEX|NVB|HBC|FRT|GVR|NVL,BVH|VIC|TPB|VIB|REE|MSN|VPB|PLX|MBB|GAS|PVD|PVS|VND|MWG|VCB|HDB|CTD|SSI|TCB|SHB|CTG|GTN|TCM|VNM|TCH|PNJ|FPT|DRH|BID|DBC|VJC|KSB|HCM|NLG|VHM,FLC|DCM|DLG|DPM|PVX|HAR
2020-05-11,TIG|ART|PDR|FCN|JVC|PHR|NVB|HHS|DRC|HDC|ITA|HSG|NKG|OGC,BVH|VIC|VGI|TPB|MSN|VPB|PLX|MBB|SHS|GAS|HPG|MWG|VCB|HDB|CTD|SSI|TCB|SHB|CTG|GTN|ACB|VNM|TCH|PNJ|FPT|DRH|BID|NVL|DBC|VJC|KSB|HCM|NLG|VHM,DXG|GEX|PHR|HBC|AAA|FRT|HUT
2020-05-10,,,
2020-05-09,,,
2020-05-08,ART|PDR|DCM|PHR|HCD|REE|PVT|DRC|KBC|ITA|SJF|OGC,BVH|VIC|VGI|MSN|VPB|PLX|GAS|HPG|MWG|VCB|HDB|CTD|TCB|DGW|CTG|GTN|GVR|ACB|VNM|FPT|DRH|BID|VJC|VRE|KSB|VHM,TIG|JVC|CEO|VIB|NVB|MSN|POW|LDG|VND|MWG|SSI|SHB|PNJ|NVL|TDH|VJC|HCM|EIB|HVN
2020-05-07,PDR|HCD|LPB|HDB|ITA|SJF|TTF|TSC|OGC|NLG|APG,VIC|VGI|PLX|GAS|HPG|CTD|DGW|GTN|GVR|VNM|TCH|FPT|DRH|BID|DBC|VRE|VHM,BVH|CII|DCM|PHR|REE|VPB|PVT|MBB|HPG|TNG|VCB|DIG|VNM|BID|STB|KSB
2020-05-06,ART|PDR|CII|DCM|PHR|SCR|POW|BSR|TNG|KBC|TTF|KLF|TCM|TTB|PVX|NVL|DBC|TSC|IDI|NLG|HUT|APG|HAG,VIC|GAS|DRC|HDB|CTD|DGW|GTN|GVR|TCH,VIC|VGI|TPB|PLX|SHS|FPT|VRE|VHM|APG
2020-05-05,FCN|CII|DCM|DXG|PHR|VGI|QCG|REE|HBC|MSN|VPB|POW|HHS|HDC|TNG|AMD|CTD|KBC|TTF|KLF|ACB|TCM|NKG|FIT|FPT|NVL|DBC|TSC|HAR|HUT|HAG,PDR|DRC|HDB|DGW|CTG|TCH|NLG,SBT|GAS|PVD|PVS|TNG|TNI|TTB|DRH|PVX|OIL
2020-05-04,ART|FLC|HAI|CII|DXG|JVC|PHR|VGI|QCG|REE|HBC|MSN|VPB|POW|AAA|ROS|LPB|HDC|HPG|AMD|CTD|TCB|FRT|KBC|GTN|TTF|ACB|TCM|NKG|VNM|TCH|FIT|FPT|PVX|NVL|DBC|TSC|KSB|HCM|HAR|HUT|HAG,PDR|DGW|CTG|NLG,BSR|HDB|GTN|FPT
2020-05-03,,,
2020-05-02,,,
2020-05-01,,,
2020-04-30,,,
2020-04-29,TIG|FLC|HAI|CEO|VGI|QCG|NVB|REE|MSN|VPB|AAA|ROS|HDC|MBG|HPG|FRT|GTN|DIG|TTF|VNM|FIT|FPT|DBC|IDI|HCM|HAR,PHR|POW|CTD|KBC|GVR,CII|DXG|JVC|LPB|TCB|DGW|CTG|ACB|TCM|TCH|PVX|ASM|NLG
2020-04-28,BVH|TIG|TIG|ART|ART|FLC|PDR|PDR|HAI|FCN|CII|DCM|DXG|JVC|GEX|PHR|VIC|HCD|CEO|SCR|DLG|VGI|VGI|QCG|TPB|VIB|NVB|NVB|REE|LMH|HBC|MSN|VPB|SBT|POW|DPM|DPM|AAA|AAA|PVT|PLX|MBB|SHS|HHS|GAS|BSR|PVD|PVS|LDG|ROS|LPB|DRC|DRC|VND|HDC|MBG|MBG|HQC|HQC|HPG|HPG|TNG|MWG|MWG|VCB|HDB|AMD|CTD|SSI|TCB|DGW|DGW|FRT|FRT|SHB|CTG|KBC|GTN|ITA|TNI|SJF|SJF|DIG|TTF|GVR|KLF|ACB|TCM|HSG|NKG|VNM|TCH|FIT|PNJ|TTB|FPT|FPT|DRH|BID|PVX|NVL|STB|DBC|TDH|MST|TSC|VJC|VRE|ASM|OIL|OIL|IDI|KSB|KSB|HCM|HCM|HAR|OGC|OGC|EIB|EIB|NLG|NLG|VHM|HUT|HUT|HVN|HVN|APG|HAG,PHR|QCG|CTD|NKG|VNM|DBC,FLC|CEO|SCR|REE|HBC|MSN|VPB|ROS|HDC|GTN|DIG|TTF|GVR|DBC|IDI|HAR
2020-04-27,DCM|SCR|NVB|LMH|DPM|PVT|BSR|DRC|MBG|HQC|DGW|SJF|PNJ|TTB|FPT|DRH|TDH|VJC|KSB|OGC|EIB|NLG|HUT|HVN|APG,PHR|QCG|AAA|HPG|CTD|FRT|VNM,FCN|PHR|VGI|HHS|CTD|KBC|VNM|TSC
2020-04-26,,,
2020-04-25,,,
2020-04-24,PDR|CII|DXG|HCD|SCR|PVT|ITA|TCH|DRH|HUT|APG,HPG|MWG|FRT|KSB,NVB|BSR|DGW|NKG|PNJ|FPT|HAG
2020-04-23,TIG|ART|PDR|FCN|CII|DXG|GEX|CEO|SCR|VGI|VIB|LMH|HBC|SBT|PVT|PLX|HHS|BSR|PVD|HQC|MWG|VCB|HDB|CTD|DGW|KBC|ITA|DIG|TCH|PNJ|TTB|FPT|DRH|NVL|DBC|TDH|VJC|OIL|OGC|NLG|HUT|HAG,DCM|MBG|FRT|KSB,PDR|FIT|APG
2020-04-22,BVH|FCN|CII|DXG|JVC|GEX|PHR|CEO|VGI|TPB|VIB|HBC|SBT|PVT|PLX|MBB|HHS|BSR|PVD|PVS|LDG|LPB|VND|VCB|HDB|CTD|SSI|TCB|DGW|CTG|KBC|GTN|DIG|ACB|HSG|NKG|TCH|FIT|PNJ|FPT|NVL|STB|DBC|TDH|MST|TSC|VJC|VRE|ASM|OIL|IDI|HCM|HAR|NLG|VHM|HAG,DCM|DPM|FRT|KSB|HVN,MBG
2020-04-21,BVH|TIG|ART|FLC|FCN|CII|JVC|GEX|PHR|VIC|DLG|VGI|QCG|TPB|VIB|REE|HBC|MSN|VPB|AAA|PLX|MBB|SHS|HHS|GAS|PVS|LDG|LPB|DRC|VND|HDC|HQC|HPG|TNG|HDB|AMD|CTD|SSI|TCB|DGW|SHB|CTG|KBC|GTN|DIG|TTF|GVR|ACB|HSG|NKG|VNM|FIT|PNJ|FPT|BID|PVX|STB|DBC|TDH|MST|TSC|VJC|VRE|ASM|IDI|HCM|HAR|EIB|NLG|VHM|HAG,PVT|MWG|FRT|NVL|OIL|KSB|HVN,ART|KLF
2020-04-20,BVH|HAI|DLG|REE|MSN|VPB|SHS|LPB|HDC|MBG|TNG|AMD|SHB|CTG|TNI|TTF|GVR|TCM|BID|PVX|STB|ASM|IDI|APG|HAG,CII|DXG|GEX|PHR|SBT|AAA|PVT|PLX|GAS|DRC|HPG|MWG|VCB|HDB|CTD|FRT|TCH|PNJ|FPT|DRH|DBC|TDH|VJC|OIL|KSB|HVN,TIG|FLC|PVS|SSI|VNM|MST|EIB|NLG|VHM
2020-04-19,,,
2020-04-18,,,
2020-04-17,ART|FCN|VIC|MSN|POW|DPM|SHS|MBG|TNI|TTF|TCM|PVX|APG,BVH|CII|GEX|PHR|VGI|TPB|HBC|SBT|AAA|PLX|MBB|GAS|LPB|DRC|HDC|HPG|MWG|VCB|HDB|CTD|FRT|HSG|PNJ|FPT|DBC|TDH|VJC|KSB|HCM|HVN,SCR|BSR|HQC|AMD|CTG|KBC|GTN|SJF|TCH|BID|NVL|HUT|HAG
2020-04-16,ART|HAI|FCN|VIC|CEO|DLG|SHS|GAS|PVD|PVS|LDG|TNI|VNM|FIT|TSC|OIL|OGC|NLG|VHM|HUT|APG,BVH|GEX|PHR|VGI|MSN|VPB|AAA|DRC|HPG|TNG|MWG|CTD|DGW|GVR|TCM|HSG|PNJ|FPT|DBC|TDH|VRE|HCM|HVN,CII|VIC|QCG|LMH|PVT|VND|HDB|ITA|ACB
2020-04-15,PDR|VIC|PVT|PLX|GAS|PVS|LDG|ROS|VND|SJF|VNM|TCH|BID|NVL|TSC|OIL|OGC|NLG|HUT|HAG,GEX|PHR|VGI|MSN|VPB|SHS|MBG|HPG|TNG|MWG|CTD|DGW|GVR|TCM|PNJ|FPT|DRH|DBC|TDH|VJC|VRE|HCM|VHM|HVN,HAI|DLG|HHS
2020-04-14,BVH|TIG|ART|FLC|PDR|DXG|VIC|HCD|SCR|QCG|TPB|VIB|LMH|AAA|PLX|HHS|GAS|BSR|PVS|LDG|ROS|LPB|DRC|VND|VCB|HDB|CTD|FRT|CTG|GTN|SJF|ACB|VNM|TCH|PNJ|TTB|BID|NVL|STB|OIL|NLG|VHM|HUT|HAG,VGI|MSN|VPB|SHS|MBG|HPG|MWG|DGW|SHB|GVR|FPT|DRH|DBC|VJC|VRE|KSB|HVN,
2020-04-13,BVH|TIG|ART|FLC|PDR|DCM|DXG|HCD|SCR|DLG|VGI|QCG|TPB|LMH|MSN|AAA|HHS|VND|HQC|TNG|HDB|AMD|CTD|SSI|DGW|FRT|CTG|KBC|GTN|ITA|SJF|KLF|ACB|HSG|TCH|TTB|FPT|BID|NVL|STB|ASM|IDI|VHM|HAG,VIC|REE|VPB|PLX|SHS|GAS|PVD|DRC|MBG|MWG|VCB|SHB|GVR|PNJ|DRH|DBC|VJC|VRE|KSB|HVN|APG,
2020-04-12,,,
2020-04-11,,,
2020-04-10,BVH|TIG|PDR|CII|VIC|CEO|SCR|DLG|VGI|TPB|VIB|NVB|LMH|HBC|VPB|AAA|MBB|HHS|HQC|HPG|MWG|HDB|CTD|SSI|TCB|CTG|KBC|GTN|ITA|TNI|TTF|KLF|ACB|FPT|BID|STB|EIB|HUT,PHR|MSN|DPM|PLX|SHS|GAS|PVD|MBG|TNG|VCB|SHB|GVR|TCM|VNM|TCH|DBC|VJC|VRE|KSB|HCM|NLG|VHM|HVN,VND|AMD
2020-04-09,TIG|CII|DXG|VIC|CEO|SCR|DLG|TPB|NVB|REE|LMH|HBC|VPB|SBT|PVT|PLX|HHS|BSR|LDG|LPB|HPG|SSI|TCB|CTG|KBC|ITA|TNI|DIG|TTF|KLF|ACB|FIT|TTB|FPT|DRH|NVL|TSC|OIL|EIB|HUT|HVN,BVH|PHR|MSN|DPM|SHS|GAS|PVD|PVS|DRC|MBG|TNG|MWG|VCB|CTD|DGW|FRT|SHB|TCM|VNM|TCH|PNJ|BID|VJC|VRE|HCM|NLG|VHM|APG,TPB|PVX|DBC
2020-04-08,CII|DXG|SCR|DLG|NVB|LMH|VPB|PLX|HHS|LDG|DRC|GTN|ITA|TNI|SJF|DIG|TTF|KLF|FIT|TTB|DRH|PVX|TSC|VJC|OIL|KSB|HAR|EIB|HUT,BVH|GEX|PHR|VIC|VGI|REE|MSN|POW|DPM|MBB|GAS|PVD|PVS|MBG|HPG|TNG|MWG|VCB|HDB|CTD|SSI|TCB|DGW|FRT|SHB|CTG|ACB|TCM|VNM|TCH|PNJ|FPT|BID|STB|VRE|HCM|VHM,QCG|KLF|NVL|OGC|NLG
2020-04-07,CII|SCR|VIB|HBC|PLX|HHS|BSR|LPB|HQC|SJF|DIG|ACB|FIT|PVX|DBC|TSC|VJC|NLG,BVH|FCN|PHR|VIC|VGI|REE|MSN|AAA|PVT|MBB|SHS|GAS|PVD|PVS|MBG|HPG|TNG|MWG|VCB|HDB|CTD|SSI|TCB|DGW|FRT|SHB|CTG|GTN|TCM|HSG|VNM|TCH|PNJ|FPT|BID|STB|VRE|KSB|HCM|VHM|HVN,ART|FLC|PDR|DXG|JVC|DLG|NVB|LMH|VPB|PVD|LDG|ROS|DRC|CTD|ITA|TNI|TTF|TCH|TTB|DRH|ASM|OIL|IDI|HAR|EIB|VHM|HUT|APG
2020-04-06,PVX|DBC|NLG,BVH|VIC|VGI|REE|MSN|DPM|PVT|PLX|GAS|HPG|MWG|VCB|HDB|SSI|DGW|FRT|SHB|KBC|GTN|VNM|PNJ|FPT|BID|VJC|HVN,CII|DCM|PHR|CEO|SCR|VGI|VIB|REE|HBC|SBT|POW|AAA|PLX|MBB|SHS|HHS|GAS|BSR|PVS|LPB|HDC|MBG|HQC|TNG|MWG|HDB|SSI|TCB|CTG|SJF|DIG|GVR|ACB|TCM|HSG|NKG|FIT|PNJ|FPT|STB|TDH|TSC|KSB|HCM|HVN
2020-04-05,,,
2020-04-04,,,
2020-04-03,TIG|VCB|NLG,BVH|VIC|MSN|VCB|VNM|VJC,FCN|GEX|MSN|PVT|HPG|DGW|FRT|BID|PVX|VRE|HAG
2020-04-02,,,
2020-04-01,TIG|VIC|HCD|MSN|VCB|KBC|VNM|NVL|VRE|NLG,BVH|VCB|DBC,SHB|VJC
2020-03-31,BVH|TIG|PDR|VIC|MSN|DPM|GAS|HDC|VCB|SHB|KBC|GTN|TNI|VNM|VRE|NLG|APG,DBC,HCD|MSN|DPM
2020-03-30,BVH|BVH|TIG|TIG|ART|FLC|PDR|PDR|HAI|FCN|CII|DCM|DXG|JVC|GEX|PHR|VIC|HCD|CEO|SCR|SCR|DLG|VGI|QCG|TPB|VIB|NVB|REE|LMH|HBC|MSN|VPB|SBT|POW|DPM|AAA|PVT|PLX|PLX|MBB|SHS|HHS|GAS|GAS|BSR|PVD|PVS|LDG|ROS|LPB|DRC|VND|HDC|HDC|MBG|HQC|HPG|TNG|MWG|VCB|VCB|HDB|AMD|CTD|SSI|TCB|DGW|FRT|SHB|SHB|CTG|KBC|KBC|GTN|GTN|ITA|TNI|TNI|SJF|DIG|TTF|GVR|KLF|ACB|TCM|HSG|NKG|VNM|VNM|TCH|FIT|PNJ|TTB|FPT|DRH|BID|BID|PVX|NVL|NVL|STB|DBC|TDH|MST|TSC|VJC|VRE|ASM|OIL|OIL|IDI|KSB|HCM|HAR|OGC|EIB|NLG|NLG|VHM|HUT|HVN|APG|APG|HAG,,PDR|VIC|VRE
2020-03-29,,,
2020-03-28,,,
2020-03-27,BVH|TPB|GAS|NVL|OIL|APG,,TIG|PLX|VCB|KBC|VNM|BID|NLG
2020-03-26,TPB|KLF|NVL,GTN,BVH|SCR|GAS|HDC|DBC|APG
2020-03-25,DCM|GEX|DLG|TPB|KLF|NVL|OIL,,GTN
2020-03-24,FCN|DCM|GEX|DLG|REE|DPM|PLX|ROS|TNI|KLF|TTB|PVX|OIL|HUT,TPB,NVL
2020-03-23,ART|FLC|HAI|FCN|DCM|GEX|HCD|SCR|DLG|QCG|TPB|REE|DPM|AAA|PLX|ROS|HQC|AMD|SHB|ITA|TNI|SJF|TTF|FIT|TTB|PVX|TSC|OIL|HAR|HUT,,
2020-03-22,,,
2020-03-21,,,
2020-03-20,ART|FLC|HAI|DCM|GEX|HCD|QCG|NVB|REE|DPM|AAA|PLX|SHS|HQC|AMD|ITA|SJF|TTF|FIT|TSC|OIL|HAR,TPB|SHB,FCN|SCR|ROS|TTB|PVX
2020-03-19,FLC|HCD|NVB|REE|AAA|ITA,TPB|SHB,DCM|GEX|DPM|AAA|PLX|SHS|TNI|SJF|TTF|OIL|HAR|HUT
2020-03-18,TNG,HAI|QCG|AMD|FIT,FLC|HCD|DLG|TPB|REE|SHB|ITA
2020-03-17,TNG,HAI|QCG|AMD,NVB|FIT|TSC
2020-03-16,VND|HQC,HAI|QCG|AMD,ART|TNG
2020-03-15,,,
2020-03-14,,,
2020-03-13,VND|HQC,QCG|AMD,KLF
2020-03-12,MSN|VND|KLF,QCG|AMD,
2020-03-11,ART|DXG|HCD|MSN|LDG|MBG|CTD|TTF|KLF|DRH|PVX|HVN,QCG|AMD,VND
2020-03-10,ART|FLC|FCN|DXG|PHR|SCR|DLG|TPB|HBC|DPM|SHS|HHS|BSR|LPB|VND|MBG|CTD|SSI|DGW|SHB|GTN|DIG|TTF|KLF|TTB|DRH|PVX|DBC|TSC|HCM|NLG|HVN|APG|HAG,QCG|MSN|AMD,
2020-03-09,TIG|ART|FLC|PDR|FCN|CII|DCM|DXG|PHR|HCD|CEO|SCR|DLG|TPB|VIB|NVB|HBC|POW|DPM|PVT|MBB|SHS|HHS|BSR|PVD|PVS|LDG|ROS|LPB|VND|HDC|HQC|TNG|VCB|HDB|CTD|SSI|DGW|SHB|CTG|KBC|GTN|ITA|TNI|SJF|DIG|TTF|ACB|TCM|HSG|TTB|BID|PVX|NVL|STB|DBC|MST|TSC|ASM|OIL|IDI|KSB|HCM|HAR|OGC|NLG|VHM|HUT|HVN|APG|HAG,QCG|MSN|MBG,
2020-03-08,,,
2020-03-07,,,
2020-03-06,TIG|FCN|CII|VIB|NVB|AAA|MBB|SHS|HHS|PVD|PVS|ROS|LPB|VND|TNG|TCB|CTG|KBC|TNI|SJF|ACB|FPT|BID|PVX|STB|DBC|MST|KSB|HAR|OGC|EIB|HUT,DXG|PHR|QCG|MSN|MBG|CTD|SHB|HCM|HVN,HCD|SCR|PVT|PVS|HDC|VCB|GTN|TCM|HSG|BID|VHM
2020-03-05,PHR|VIB|MBB|TCB|TNI|FPT|PVX|STB|ASM|KSB|HAR|OGC|EIB|HUT,DXG|QCG|BSR|LPB|MBG|CTD|SHB|DIG|NLG|HVN,TIG|FCN|CII|NVB|MSN|POW|PVD|ROS|MBG|SSI|DGW|SJF|TTF|TTB|DBC|OIL|HCM|HVN|APG
2020-03-04,PDR|PHR|VIB|TCB|TNI|ACB|FPT|ASM|OGC|NLG|HUT,QCG|HHS|LPB|CTD|SHB|STB|KSB,FLC|DCM|DXG|CEO|DLG|HBC|AAA|MBB|LDG|VND|TNG|HDB|KBC|ITA|DIG|PVX|NVL|TSC|HAG
2020-03-03,TPB|VIB|TCB|CTG|ACB|FPT|ASM|IDI|NLG,PHR|QCG|SHS|LPB|CTD|SHB|DRH|STB|KSB,ART|PHR|DPM|BSR|HQC|CTD|TCB|TNI|KLF|MST|HAR|OGC|HUT
2020-03-02,TIG|JVC|FRT|CTG|FPT|MST|IDI,SHS|SHB|DRH|STB|KSB,PDR|HAI|VIB|HHS|AMD|CTG|ACB|ASM|NLG
2020-03-01,,,
2020-02-29,,,
2020-02-28,TIG|JVC|VPB|SBT|FRT|NKG|VNM|FPT|MST|EIB,SHB|DRH|KSB,TPB|SHS|LPB|IDI|EIB
2020-02-27,TIG|JVC|PHR|NVB|NKG,SHB|DRH,QCG|VPB|VNM|FPT|STB|MST|KSB
2020-02-26,BVH|TIG|PHR|VIC|HCD|VIB|NVB|MSN|VPB|SBT|AAA|NKG|VNM|TTB|PVX|KSB,FRT,SHB
2020-02-25,BVH|ART|FCN|DCM|PHR|VIC|HCD|SCR|QCG|VIB|LMH|HBC|MSN|VPB|SBT|POW|DPM|AAA|MBG|HQC|MWG|AMD|ITA|TTF|KLF|HSG|NKG|PNJ|TTB|PVX|MST|OIL|KSB|HAR,TIG|FRT|VNM,JVC|NVB
2020-02-24,BVH|ART|FLC|HAI|FCN|DCM|GEX|HCD|CEO|SCR|DLG|VGI|QCG|VIB|REE|LMH|HBC|VPB|SBT|POW|DPM|HHS|PVS|LDG|DRC|HDC|MBG|HQC|MWG|AMD|CTD|TCB|KBC|ITA|SJF|DIG|TTF|KLF|ACB|HSG|VNM|FIT|PNJ|FPT|PVX|DBC|MST|ASM|OIL|IDI|KSB|HAR|OGC|HUT,PHR|MSN|FRT,VIC
2020-02-23,,,
2020-02-22,,,
2020-02-21,ART|FLC|PDR|CEO|SCR|DLG|TPB|REE|LMH|PVT|MBB|HHS|LDG|DRC|VCB|AMD|CTD|TCB|DGW|GTN|DIG|ACB|FIT|FPT|BID|PVX|DBC|TDH|TSC|HCM|OGC|HUT|HAG,PHR|MSN|VPB|MBG|MWG|FRT|KSB,BVH|GEX|PVS|KBC|VNM
2020-02-20,PDR|CEO|TPB|PVT|PLX|MBB|HHS|BSR|PVD|LDG|LPB|VND|TNG|CTD|TCB|DGW|SHB|GTN|SJF|ACB|FIT|BID|STB|TDH|TSC|HCM|OGC|HUT,PHR|VPB|SBT|MWG|PNJ|FPT|KSB,HCD|LMH|MSN|DRC|KLF|NKG|TTB|PVX|OIL
2020-02-19,PDR|FCN|DCM|DXG|TPB|VIB|REE|HBC|AAA|PVT|PLX|MBB|SHS|GAS|BSR|PVD|LPB|VND|TNG|VCB|SSI|FRT|SHB|GTN|ACB|TCM|HSG|NKG|FIT|BID|STB|TDH|TSC|HCM|OGC|NLG|VHM,PHR|VGI|VPB|SBT|MWG|CTD|PNJ|FPT|DBC|KSB,HAI|HQC|HUT|HAG
2020-02-18,ART|PDR|HAI|FCN|DXG|HCD|VIB|POW|DPM|AAA|PLX|SHS|GAS|BSR|PVD|ROS|TNG|SSI|FRT|KBC|ITA|KLF|TCM|NKG|TCH|PNJ|NVL|TSC|VRE|ASM|OIL|IDI|NLG|VHM,PHR|TPB|VPB|CTD|TCB|DGW|GTN|ACB|FPT|DBC|KSB,SCR|MWG|VCB|HSG|BID
2020-02-17,ART|HAI|FCN|DXG|PHR|HCD|QCG|LMH|HBC|MSN|POW|DPM|AAA|SHS|BSR|PVD|PVS|ROS|DRC|VND|HQC|TNG|MWG|VCB|SSI|KBC|ITA|TNI|KLF|TCM|NKG|PNJ|TTB|NVL|VJC|ASM|OIL|IDI|HAR|NLG|HUT|HVN|HAG,VGI|VIB|VPB|SBT|GAS|MBG|CTD|TCB|DGW|FRT|GTN|ACB|FIT|KSB,PDR|LDG
2020-02-16,,,
2020-02-15,,,
2020-02-14,LMH|MSN|PVD|HQC|HDB|CTG|TNI|KLF|TTB|NVL|VJC|HUT|HAG,PHR|VIB|REE|VPB|SBT|GAS|MBG|TNG|CTD|TCB|DGW|GTN|DIG|ACB|TCM|FIT|FPT|NLG,TPB|LPB|MWG|VCB|SJF|PNJ|OGC|VHM
2020-02-13,BVH|FCN|CEO|DLG|LMH|PVT|GAS|PVS|HDB|SSI|TNI|VNM|TTB|VHM|HUT|HVN|APG|HAG,PHR|VGI|REE|VPB|SBT|PLX|GAS|ROS|HDC|MBG|TNG|CTD|DGW|GTN|DIG|ACB|TCM|FIT|FPT|MST|KSB,VIB|SHB|ITA|NVL|ASM
2020-02-12,BVH|FLC|CEO|SCR|DLG|DPM|PVT|PLX|MBB|SHS|GAS|PVD|PVS|LDG|DRC|HQC|TNG|VCB|HDB|AMD|SSI|FRT|GTN|TNI|KLF|NKG|VNM|TTB|DBC|TDH|TSC|VJC|VRE|NLG|VHM|HUT|HVN|APG|HAG,PHR|VGI|SBT|HDC|MBG|TNG|CTD|DGW|ACB|FPT,FCN|QCG|MSN|POW|BSR|ROS|VND|TCM|FIT|OIL|IDI|HCM
2020-02-11,BVH|FLC|HAI|PHR|CEO|SCR|DLG|TPB|VIB|NVB|HBC|VPB|DPM|AAA|PVT|MBB|SHS|GAS|PVD|PVS|LDG|DRC|HDC|HQC|HPG|TNG|VCB|HDB|AMD|SSI|TCB|FRT|CTG|KBC|TTF|KLF|ACB|NKG|VNM|FPT|PVX|DBC|TDH|TSC|VRE|HAR|NLG|VHM|HUT|APG|HAG,DXG|VGI|MBG|CTD|DGW|KSB,TIG|ART|DCM|REE|LMH|SBT|PLX|LDG|GTN|DIG|TTF|NKG|VNM|TTB|MST|VJC|HAR|HUT|HVN
2020-02-10,HAI|JVC|SCR|DLG|VGI|TPB|VIB|NVB|AAA|MBB|PVS|HPG|VCB|AMD|SJF|KLF|ACB|PVX|DBC|VRE|APG,MBG|HDB|CTD|DGW|FRT|STB,BVH|FLC|HAI|DXG|PHR|HCD|CEO|TPB|HBC|DPM|PVT|SHS|GAS|PVD|PVS|DRC|HDC|HQC|HPG|TNG|VCB|SSI|TCB|KBC|KLF|FPT|DRH|PVX|DBC|TDH|TSC|KSB|NLG|VHM|HAG
2020-02-09,,,
2020-02-08,,,
2020-02-07,JVC|NVB|CTG|BID,VPB|MBG|HDB|CTD|FRT,DLG|VGI|VIB|AAA|MBB|AMD|CTD|DGW|SJF|ACB|STB|VRE
2020-02-06,PDR|JVC|SJF|BID,VPB|CTG|APG,NVB|MBG|HDB|FRT|TNI
2020-02-05,HHS|SJF|DRH,CTG,SCR|VPB|BID
2020-02-04,PDR|HHS|CTD|SHB|SJF|DRH|HAR|EIB,,CTG
2020-02-03,ART|FLC|PDR|HAI|FCN|DCM|VGI|QCG|VPB|SBT|POW|BSR|VND|HQC|TNG|AMD|CTD|CTG|GTN|KLF|TCM|HSG|DRH|BID|MST|ASM|KSB|HAR|OGC|EIB|NLG|VHM|HUT|APG,,
2020-02-02,,,
2020-02-01,,,
2020-01-31,ART|FLC|HAI|FCN|DCM|GEX|CEO|DLG|VGI|QCG|VIB|REE|HBC|POW|AAA|PLX|MBB|GAS|BSR|PVD|PVS|LDG|LPB|DRC|HQC|HPG|TNG|MWG|VCB|HDB|AMD|SSI|TCB|DGW|GTN|TNI|DIG|TTF|KLF|ACB|TCM|HSG|VNM|TTB|PVX|NVL|STB|TDH|MST|ASM|OIL|IDI|KSB|HCM|OGC|NLG|VHM|HUT|HAG,CTD,JVC|SBT|EIB
2020-01-30,BVH|FLC|FCN|CII|DCM|GEX|PHR|CEO|DLG|VIB|REE|HBC|AAA|PLX|MBB|GAS|PVD|PVS|LDG|LPB|HQC|HPG|MWG|VCB|HDB|CTD|SSI|TCB|DGW|TNI|DIG|KLF|ACB|VNM|PNJ|TTB|PVX|NVL|STB|DBC|TDH|VJC|OIL|IDI|HCM|NLG|HVN|HAG,VGI|BSR|TCM|VHM,DLG|POW|GTN|SJF|MST
2020-01-29,,,
2020-01-28,,,
2020-01-27,,,
2020-01-26,,,
2020-01-25,,,
2020-01-24,,,
2020-01-23,,,
2020-01-22,CII|GEX|PHR|NVB|VCB|NKG|PVX|NVL|TDH|VJC|HUT,VGI|PLX|HPG|MWG|CTD|TCB|DGW|ACB|VNM|KSB|NLG|VHM,BVH|FCN|DCM|QCG|GAS|PVD|PVS|TNG|DIG|TCM|DRH|DBC|ASM|IDI|OGC|HAG
2020-01-21,BVH|TIG|TIG|ART|FLC|PDR|HAI|FCN|CII|CII|DCM|DXG|JVC|GEX|PHR|PHR|VIC|VIC|HCD|CEO|SCR|DLG|VGI|QCG|TPB|TPB|VIB|NVB|NVB|REE|LMH|HBC|MSN|VPB|SBT|POW|DPM|AAA|PVT|PLX|MBB|SHS|SHS|HHS|GAS|BSR|PVD|PVS|LDG|ROS|LPB|DRC|VND|HDC|MBG|HQC|HPG|TNG|TNG|MWG|VCB|HDB|AMD|CTD|SSI|TCB|DGW|FRT|SHB|SHB|CTG|KBC|GTN|ITA|TNI|TNI|SJF|DIG|TTF|KLF|KLF|ACB|TCM|HSG|NKG|VNM|TCH|FIT|PNJ|TTB|FPT|FPT|DRH|BID|PVX|NVL|NVL|STB|DBC|TDH|MST|TSC|VJC|VRE|ASM|OIL|IDI|KSB|HCM|HAR|OGC|EIB|NLG|VHM|HUT|HUT|HVN|HVN|APG|HAG,VGI|REE|PLX|MWG|VCB|CTD|DGW|VNM|PNJ|VJC,ART|FLC|HAI|CEO|NVB|HBC|BSR|LDG|HQC|AMD|TTB|TDH|HAR|HUT|APG
2020-01-20,TIG|FCN|VIC|CEO|VGI|QCG|TPB|SHS|TNG|SHB|KBC|TTF|KLF|HSG|FIT|PVX|EIB|VHM|APG,PHR|REE|MWG|VCB|CTD|SSI|ACB|PNJ|NVL|VJC,PLX|TNI|VNM|OIL|KSB|HVN
2020-01-19,,,
2020-01-18,,,
2020-01-17,PDR|FCN|VIC|CEO|VGI|QCG|TPB|VIB|NVB|REE|HBC|SHS|HHS|HPG|KBC|TTF|KLF|TCM|PVX|NVL|EIB|NLG|VHM|APG,CII|PHR|MWG|VCB|SSI|DGW|PNJ|VJC,TIG|FCN|GEX|AAA|TNG|MWG|CTD|KLF|FIT|FPT
2020-01-16,PDR|CEO|QCG|NVB|MSN|SBT|DPM|SHS|VND|VCB|TCM|TTB|PVX|STB|MST|VJC|EIB|NLG|VHM|APG,CII|HPG|HDB|DGW|ACB|PNJ,PHR|VGI|REE|HHS|TCB|TTF|PVX|NVL
2020-01-15,VIC|VIB|NVB|MSN|DPM|SHS|LPB|VND|VCB|HDB|TCM|TTB|STB|MST|VJC|VRE|HCM|OGC|EIB|NLG,CII|HPG|DGW|PNJ|VHM,PDR|CEO|QCG|MSN|TTB
2020-01-14,PDR|JVC|VIC|DLG|NVB|MSN|DPM|LPB|VND|TNG|VCB|SSI|VNM|MST|VJC|VRE|HCM,CII|DGW|SHB|PNJ|VHM,VIB|SHS|VND|VJC|NLG|APG
2020-01-13,PDR|JVC|GEX|NVB|GAS|PVS|TNG|KBC|VNM|TDH|OGC,CII|HDB|TCM|PNJ|VHM,CII|VIC|TPB|MSN|DPM|LPB|VCB|SSI|DGW|ACB|MST|VRE|HCM|VHM
2020-01-12,,,
2020-01-11,,,
2020-01-10,JVC|GEX|GAS|PVD|PVS|TNG|APG,,PDR|NVB|MBB|HPG|HDB|SHB|KBC|HSG|PNJ|STB|EIB
2020-01-09,TIG|FCN|CII|JVC|GEX|PLX|GAS|BSR|PVS|FIT|PVX|OIL|OGC|APG,TCM|VNM,
2020-01-08,TIG|ART|FCN|JVC|PHR|TPB|REE|MSN|PLX|MBB|HHS|BSR|HPG|MWG|SSI|FRT|SHB|DIG|HSG|FIT|PNJ|PVX|STB|DBC|MST|VJC|VRE|OIL|HAG,GAS|PVS|TCM,OGC
2020-01-07,TIG|ART|VGI|PLX|MBB|HHS|BSR|LPB|HDB|SSI|TCB|DGW|ACB|HSG|PVX|STB|DBC|HCM|EIB|HVN|APG,GAS|PVS|TCM,ART|JVC|PHR|GAS|TNG|FRT|FIT|PVX
2020-01-06,VGI|SHS|LDG|VND|HDC|VCB|SSI|ITA|ACB|FPT|NVL|STB|VHM|HUT|HVN,PLX|PVS,TIG|GEX|HHS|BSR|HSG|VNM
2020-01-05,,,
2020-01-04,,,
2020-01-03,PDR|DXG|SCR|VGI|PVT|SHS|TNI|NLG,,PVS|VND|SSI|STB|OIL|HUT|HVN|APG|HAG
2020-01-02,KBC|TTB|STB|HAG,,FCN|VGI|PLX|MBB|SHS|ACB|TCM|DBC
2020-01-01,,,
