Holiday,Date
New Year,2019-01-01
Tet,2019-01-28
Tet,2019-01-29
Tet,2019-01-30
Tet,2019-01-31
Tet,2019-02-01
Tet,2019-02-04
Tet,2019-02-05
Tet,2019-02-06
Tet,2019-02-07
Tet,2019-02-08
Tet,2019-02-11
Tet,2019-02-12
Tet,2019-02-13
Tet,2019-02-14
Tet,2019-02-15
HungKing,2019-04-12
HungKing,2019-04-14
HungKing,2019-04-15
HungKing,2019-04-16
Reunification,2019-04-26
Reunification,2019-04-29
Reunification,2019-04-30
LaborDay,2019-05-01
LaborDay,2019-05-02
LaborDay,2019-05-03
Independent,2019-08-30
Independent,2019-09-02
Independent,2019-09-03
New Year,2020-01-01
Tet,2020-01-16
Tet,2020-01-17
Tet,2020-01-18
Tet,2020-01-19
Tet,2020-01-20
Tet,2020-01-21
Tet,2020-01-22
Tet,2020-01-23
Tet,2020-01-24
Tet,2020-01-25
Tet,2020-01-26
Tet,2020-01-27
Tet,2020-01-28
Tet,2020-01-29
Tet,2020-01-30
Tet,2020-01-31
Tet,2020-02-01
Tet,2020-02-02
Tet,2020-02-03
Tet,2020-02-04
Tet,2020-02-05
HungKing,2020-04-01
HungKing,2020-04-02
HungKing,2020-04-03
Reunification,2020-04-28
Reunification,2020-04-29
Reunification,2020-04-30
LaborDay,2020-05-01
LaborDay,2020-05-04
Independent,2020-08-28
Independent,2020-08-29
Independent,2020-08-30
Independent,2020-09-01
Independent,2020-09-02
Independent,2020-09-03